id,first_name,last_name,email_address,status,group_id
1,Quinn,Varlow,qvarlow0@mozilla.org,archived,25
2,Florian,Leve,fleve1@mtv.com,archived,15
3,Peyton,McDade,pmcdade2@stanford.edu,archived,1
4,Darren,Solomonides,dsolomonides3@phpbb.com,archived,31
5,Karry,Shekle,kshekle4@rambler.ru,archived,41
6,Brianna,Greenman,bgreenman5@dmoz.org,archived,31
7,Alic,Landsman,alandsman6@zdnet.com,archived,98
8,Brandy,Crayton,bcrayton7@netlog.com,archived,49
9,Jefferson,Clout,jclout8@nbcnews.com,archived,78
10,Geoffrey,Sowten,gsowten9@ihg.com,archived,99
11,Maxie,Kenninghan,mkenninghana@prlog.org,archived,66
12,Ermina,Athy,eathyb@toplist.cz,archived,12
13,Maureene,Vertey,mverteyc@icio.us,archived,2
14,Darcie,O'Shirine,doshirined@blogtalkradio.com,archived,41
15,Tarrah,Fielden,tfieldene@biblegateway.com,archived,86
16,Philippe,Cristofaro,pcristofarof@weather.com,archived,57
17,Luigi,McAlister,lmcalisterg@irs.gov,archived,28
18,Anastassia,Coulthard,acoulthardh@technorati.com,archived,34
19,Colman,Pidcock,cpidcocki@adobe.com,archived,13
20,Gusti,O'Hannen,gohannenj@newyorker.com,archived,79
21,Kyrstin,Muress,kmuressk@senate.gov,archived,72
22,Al,Itzkovitch,aitzkovitchl@china.com.cn,archived,22
23,Cherey,Wornum,cwornumm@myspace.com,archived,2
24,Keriann,Yesinov,kyesinovn@jugem.jp,archived,34
25,Bram,Pithcock,bpithcocko@technorati.com,archived,10
