id,first_name,last_name,email,status,group_id
1,Quinn,Varlow,qvarlow0@mozilla.org,Female,25
2,Florian,Leve,fleve1@mtv.com,Male,15
3,Peyton,McDade,pmcdade2@stanford.edu,Male,1
4,Darren,Solomonides,dsolomonides3@phpbb.com,Male,31
5,Karry,Shekle,kshekle4@rambler.ru,Female,41
6,Brianna,Greenman,bgreenman5@dmoz.org,Female,31
7,Alic,Landsman,alandsman6@zdnet.com,Male,98
8,Brandy,Crayton,bcrayton7@netlog.com,Female,49
9,Jefferson,Clout,jclout8@nbcnews.com,Male,78
10,Geoffrey,Sowten,gsowten9@ihg.com,Male,99
11,Maxie,Kenninghan,mkenninghana@prlog.org,Male,66
12,Ermina,Athy,eathyb@toplist.cz,Female,12
13,Maureene,Vertey,mverteyc@icio.us,Female,2
14,Darcie,O'Shirine,doshirined@blogtalkradio.com,Female,41
15,Tarrah,Fielden,tfieldene@biblegateway.com,Female,86
16,Philippe,Cristofaro,pcristofarof@weather.com,Female,57
17,Luigi,McAlister,lmcalisterg@irs.gov,Male,28
18,Anastassia,Coulthard,acoulthardh@technorati.com,Female,34
19,Colman,Pidcock,cpidcocki@adobe.com,Male,13
20,Gusti,O'Hannen,gohannenj@newyorker.com,Female,79
21,Kyrstin,Muress,kmuressk@senate.gov,Female,72
22,Al,Itzkovitch,aitzkovitchl@china.com.cn,Male,22
23,Cherey,Wornum,cwornumm@myspace.com,Female,2
24,Keriann,Yesinov,kyesinovn@jugem.jp,Female,34
25,Bram,Pithcock,bpithcocko@technorati.com,Male,10
